x1,x2,x3,x4,y1,y2
5.130265441,96.82600752,16.28078061,94.44136566,-766.0688353,345.0644852
9.337710826,281.5331992,20.91905247,275.4768346,-1954.35218,1397.506723
1.361025635,10.17184545,5.204063884,13.44558088,19.53243654,39.3516916
9.072056037,248.9280813,23.3240152,184.9860462,-2031.53579,1169.472009
4.578704619,68.37342292,10.3181328,21.9544462,-564.6206675,165.550439
9.028676763,268.4693802,27.37527225,276.3498716,-1819.635135,1317.847244
5.162240577,104.7950103,11.8948651,79.59961122,-868.681465,321.1571483
8.167399465,229.9566274,24.53561638,261.8888907,-1498.226787,1100.838155
5.779967462,108.5518891,10.94013397,92.60943479,-881.8884807,394.2100917
7.875232051,205.5384642,23.49667431,162.9489576,-1674.540489,851.1898724
6.375102812,123.8386743,18.78894248,63.26681819,-1084.099571,399.2143524
1.731843425,15.73478418,10.20230947,-53.93035735,-13.22056235,-77.30697239
3.081352286,40.58592404,10.46326823,37.21514555,-286.6275418,114.0569175
5.540820675,117.3140185,14.6952839,111.6324224,-939.4412721,428.0171622
1.898644037,39.49969619,12.62176032,49.41819817,-252.1965001,129.5313767
7.752388264,183.9405424,21.6487058,202.3908119,-1317.59376,906.9247394
7.491807668,178.9487077,18.21807077,131.7815899,-1498.881751,723.9197582
6.031973386,115.375932,17.57165945,107.3539467,-931.0687454,465.75698
1.788335354,13.7860751,11.5231933,-29.12947779,-26.49770572,-50.03704373
0.269540015,2.358140458,9.005381685,-7.49693014,80.40886629,-1.721888829
5.357204483,107.5882842,12.74048315,30.18926096,-958.7806175,242.0622985
3.040901856,55.89381087,15.78914813,61.34017451,-410.0836191,176.8914175
6.202797934,133.5073983,17.35112573,95.65327942,-1139.749706,460.8898664
1.548598563,17.51428682,4.600557424,-30.56363682,-52.80249243,-40.85272803
5.675188097,97.60384081,17.25904595,37.03448543,-848.5912812,286.7740843
3.233320115,48.83894959,10.44134771,-9.321494725,-381.8465725,20.95648428
2.524479802,19.69802489,5.719424388,-55.73661026,-48.42853781,-74.85504502
8.594548741,241.8731251,20.80766927,181.5587547,-1969.574633,1039.981038
4.220168131,73.88639234,10.59521408,44.33286278,-602.5880942,190.179347
0.664567778,31.2384254,6.519901027,-30.54192971,-185.6958362,-47.90473833
0.068539748,21.58749992,12.07010631,5.555544834,-95.56876152,20.07766518
9.84561895,302.0984187,28.63170514,334.3189576,-1795.42982,1668.460725
0.636321088,23.73220384,9.614501253,-48.92850097,-113.2864353,-83.47876778
6.424825968,140.5401875,14.47317251,141.4613291,-1096.93321,582.8679509
0.055682485,13.12969611,4.32429675,-58.68396638,10.33684036,-102.293411
1.988634186,11.92074959,4.625692898,-0.442430132,-15.02949207,37.40759236
0.831288887,23.95252984,10.54794733,-44.01454363,-108.5694636,-81.27653432
4.175705053,67.57196314,8.251830227,38.30072503,-547.3391381,175.9452606
5.66220242,104.0946082,15.55894873,64.22389773,-889.7680078,333.4538267
5.450037807,117.4457178,14.16512525,136.2089111,-882.3662508,461.1168742
0.832921477,15.39722857,12.58328407,-49.95447717,-28.39187292,-73.54651874
0.416007301,12.10522785,6.11115299,-58.09169936,30.98556495,-92.55270729
6.832333077,149.6331489,17.2849652,90.47303303,-1310.337793,515.8188409
3.525231208,47.61788055,8.759254594,50.83209811,-334.8723844,169.8426146
4.663159531,82.67490567,13.71983133,69.295613,-659.2900514,270.6067242
2.378731527,27.93722186,3.928288515,-49.79413599,-143.1380359,-74.1223984
6.710582092,157.5988176,17.78835677,92.31917451,-1387.745705,516.1906761
5.008505219,79.4989392,15.53623692,30.21922047,-681.8250502,208.9537837
2.038579302,26.84880475,9.58747514,-13.05363465,-162.3386661,9.373232255
7.819630279,191.1862964,24.13777089,173.2914586,-1500.545702,865.9735223
5.590376576,115.5193874,15.49134439,100.4694018,-952.1090865,402.9939056
0.718664356,24.31104767,6.587987495,-43.81239046,-103.95616,-75.87166397
7.800803257,207.0074736,25.48819353,225.5585541,-1442.734772,961.8463215
1.29439949,16.73731617,10.4562979,-55.66811352,-28.92282935,-85.25627018
6.672716441,149.1564888,21.75981086,168.2462015,-1098.125784,661.9715016
7.516792967,188.0775029,18.71752041,157.4902665,-1528.862411,769.4791671
9.550283635,275.9649094,19.67458514,290.8804777,-1800.946299,1480.772692
7.937027158,211.2434504,25.00330129,161.1648538,-1751.108256,868.6552968
0.883497055,25.83150511,8.749509478,-29.34894735,-140.8932154,-32.02935147
3.688143107,52.68335153,15.68252467,-7.917039079,-416.041682,51.59207213
6.115128298,116.2014305,16.41281027,88.21079765,-964.4561232,433.9757927
4.494865897,87.64951372,13.19712354,28.72059193,-759.6957825,160.3967245
2.419529273,25.67992463,9.675080504,32.86233951,-126.6284836,89.33623911
7.696010046,194.1675036,23.32327829,157.8206368,-1576.57146,818.0459022
4.802641472,86.3229019,13.77172332,96.24820012,-658.2338015,326.6642182
8.832983035,257.3331912,19.48049927,187.5936467,-2119.798543,1100.587173
1.31020359,29.34987379,10.65268808,-12.56782823,-190.8730519,-8.460951404
3.691420953,59.91220372,9.613024661,-19.10529551,-476.1050734,28.98148026
7.847405487,203.0088648,22.28338452,215.4868736,-1465.376476,934.9570252
3.424486598,53.96754843,8.196951796,62.79889121,-396.4061164,178.0706212
4.416655023,64.76479442,7.743210734,27.57877652,-527.124004,165.217534
6.713222576,145.184902,14.88624806,149.3798106,-1122.388947,641.0087687
8.078866379,195.9487362,24.81839242,141.6857296,-1643.627146,831.117838
4.351643228,58.04655935,9.244497612,62.20366872,-425.3337719,220.5543409
3.202143885,49.74979428,15.95855465,47.92777047,-356.5505985,151.9650196
0.504911876,4.028540861,5.326072978,-73.25204889,116.6292163,-122.4631751
9.445865449,291.5096969,28.9709885,244.4751449,-2203.972452,1362.737996
8.629550457,250.2931201,22.00546253,256.0106417,-1744.967421,1204.727025
6.644992413,147.1272746,20.11857853,87.92223986,-1286.887628,499.2557182
4.756706445,71.03621804,11.42904966,3.08844624,-598.192181,134.9798623
4.517444446,78.52209399,12.03060155,52.48942107,-649.7879475,231.1532438
9.993679074,321.2634293,30.8382869,267.9127185,-2383.330407,1579.907943
2.718267682,48.95926418,13.56331992,23.56253288,-372.355548,86.87741582
5.801273152,109.3172364,18.72731992,57.2511757,-951.7721592,336.8081358
0.75599015,12.05321283,3.00929595,13.46546186,-17.4846521,36.88509117
6.245159131,123.2223169,18.81698142,89.99317095,-1050.278696,446.8157089
4.961659951,99.8586121,19.86246143,68.22820548,-839.8873876,281.7193589
5.849509711,108.994989,19.42563978,53.48666968,-951.2542686,338.9636712
0.894720418,21.99004809,9.721730909,15.95007903,-99.42941431,50.20554059
1.041811494,20.94066114,9.859127025,-57.14108964,-73.75721161,-106.6625911
5.171336842,102.7077229,18.04920499,97.49031792,-823.6776177,370.3442291
0.338839083,14.74615045,10.73771621,1.994899513,-28.03562976,32.308848
7.117254455,154.5456774,16.76808288,96.35156703,-1334.335377,572.038954
5.066836612,88.89001268,11.76781837,51.46002201,-757.0383242,268.2069343
3.878417798,74.4481238,17.69726643,6.402708823,-641.4205195,103.717409
2.699142959,38.41018096,13.66809805,-4.398542004,-278.3590557,31.08950225
8.214689097,230.4724225,19.98942332,195.0202963,-1814.463632,978.1968801
2.733641123,30.57629606,10.69832341,42.5024041,-169.0305488,128.2343554
5.020264825,86.5670707,18.41742518,73.77958485,-693.6451634,298.960935
0.649703979,16.8286071,6.90474267,-1.921373865,-64.84891035,22.61097566
3.111034507,48.48811206,10.56449232,-22.61683693,-362.1320488,2.93920426
1.645833895,27.81110912,11.19467099,-1.79163311,-169.7103541,28.48343932
5.119474909,106.9061499,11.20595697,121.3757241,-808.4130848,409.6480089
8.573420435,224.1190279,25.44189049,166.7745338,-1862.714207,986.9542119
0.326312647,12.79136058,4.400004015,-51.19755032,7.152074978,-94.17799845
7.501097324,175.9297639,21.04053005,186.1832949,-1302.472991,829.6421628
1.104812255,23.87203967,8.457329607,-45.90723693,-114.1170563,-84.69798096
0.80931583,29.42684383,8.392147962,12.74864704,-175.4866536,41.91556093
6.312436289,135.7130731,18.98102405,73.23596508,-1200.32484,421.4039393
4.059611459,56.48895088,9.659840615,35.02962882,-434.850104,161.1740593
1.495069961,31.02716912,8.51845095,-40.52832935,-185.5563064,-70.45467929
7.317914997,177.6029727,18.38859943,145.364277,-1450.008404,709.6528464
5.492184231,107.8593965,15.48574372,37.86366327,-947.8777875,265.0085927
5.902459014,104.6094697,16.53939137,90.08367784,-861.8303594,397.3820969
0.59819447,23.59298362,4.759763558,-45.62060957,-100.8555853,-62.12401657
7.406980833,187.7193233,20.96734853,176.1074691,-1457.205954,786.3258116
8.611570954,229.309862,23.44815411,191.4015359,-1810.111621,1052.409642
4.229698675,82.96810622,11.23831536,58.09658053,-682.0606496,207.4423271
8.906076578,257.9704291,24.82727481,250.8303579,-1844.288352,1240.672988
4.350750812,73.12522172,14.8595662,72.81490933,-563.8997192,243.8556085
4.733762238,78.82736997,16.82214499,57.16519222,-638.092857,248.5807803
4.421789233,68.98334248,10.91110649,11.29990721,-571.4720265,129.5772068
6.988577801,166.7728759,16.01412207,108.0291278,-1446.142807,580.3549929
2.793965085,24.31810382,10.86889165,22.60584719,-127.8118616,78.47380517
3.943572367,49.29098497,11.34692351,29.65178745,-375.1484566,142.32606
6.715942426,152.0608994,22.36808649,149.1278634,-1196.55967,644.9585494
6.937433991,165.6980552,19.6359101,121.7735663,-1405.616325,613.7448588
8.079136908,200.1880448,24.36569476,138.2977853,-1705.74679,852.268675
8.012761116,207.106134,23.49057676,228.5243469,-1429.281819,1002.011855
5.098063036,91.7948019,12.10398269,88.83697992,-733.6127344,336.8156326
4.945479177,78.92286992,8.215360891,68.87816808,-626.6104391,271.3265436
7.583598747,174.5861594,23.17422776,123.5910446,-1480.576296,726.0861706
2.656519076,47.37873572,13.16400317,51.49823576,-331.619852,128.2106293
3.941540097,69.68556282,13.32179981,-10.45063674,-592.3918711,70.03372852
7.595640244,191.8059706,17.99867152,184.5296283,-1472.987823,831.1326789
3.901094327,62.19066316,13.44392101,40.47674674,-486.0527218,159.6737383
6.964318664,173.1330817,16.22018222,196.155324,-1232.755268,764.3354069
4.264514609,79.99563686,15.1545809,35.15239603,-678.9277502,178.524073
0.552676497,2.685613275,1.562983119,-65.98446689,133.7835078,-111.8390576
3.585784931,64.34685499,15.18125342,42.45017819,-519.8976629,165.7391729
1.767330663,33.34893138,9.932820393,-52.86648773,-189.7223943,-73.77398964
8.993816334,260.5045224,21.51747179,247.0207418,-1886.359816,1269.510718
6.275449739,142.015863,21.00953703,94.60508803,-1214.965755,468.9652532
6.875859691,164.0145438,23.15575644,169.9072694,-1234.058227,694.727753
9.369918454,276.5840773,25.47605025,308.987317,-1692.37809,1482.539917
3.559740296,38.65645165,5.088004254,0.745406381,-281.3853236,51.06940556
6.322584415,145.2993626,17.81499121,136.5633825,-1157.156598,562.5074402
1.688381338,19.09386826,10.23958959,-54.36193392,-49.24859775,-85.41888934
3.636280533,46.56091408,8.117080201,46.08246257,-324.8258925,163.4428591
2.07930994,38.9334861,8.314887264,-17.55352429,-283.6393084,-4.490084401
5.533338796,97.43856867,19.10825426,27.81815849,-866.3934827,264.5296615
7.815587169,192.8632591,22.99171438,132.3773859,-1639.160577,772.1244342
8.764690003,244.4370341,20.08726725,262.9400626,-1642.810978,1229.157778
7.143273554,171.2628302,23.15164658,115.8247297,-1475.726295,615.3957127
9.927206832,301.1505759,23.86336898,252.2406801,-2260.141717,1521.987467
2.874343348,27.79974237,9.509574092,4.093228194,-169.4469858,42.01324467
5.826059565,118.8656966,20.68873927,73.2618536,-1028.200855,381.3275093
7.582762554,190.7117064,18.50294536,135.0050009,-1617.522174,742.3559061
9.078151984,248.7890161,21.66535553,222.666141,-1877.271153,1228.689975
6.608617646,139.2178571,19.48469951,155.0390462,-1036.760037,621.0039571
3.396115518,39.60486322,9.692468678,-0.088820363,-284.9392476,57.98536603
8.902447933,246.6951531,22.32727183,272.1817649,-1606.224485,1292.623269
3.466176004,51.1280806,15.01439701,-5.562469722,-398.5318015,59.6556526
1.517414845,20.90259183,11.76221153,-11.75604579,-91.94600596,-5.222754436
2.019212349,13.49592119,10.86898283,-26.14015158,-13.41756347,-24.03377535
6.613364724,156.3610325,23.39907078,104.9596482,-1341.739911,527.4666337
0.177440992,24.81847112,13.67907358,15.94524933,-133.2546961,55.63010308
1.475398993,25.78270638,5.733294606,-5.272331671,-147.760604,0.484606871
5.933897902,108.8108281,16.58921375,36.35847918,-958.170262,307.1790751
0.561635358,9.446802898,2.650988387,-81.37811341,81.1513418,-143.4804747
7.143432742,155.5602509,15.58993502,78.58424945,-1387.89026,553.3393433
8.343114238,235.2755806,22.77728804,221.4260102,-1756.304296,1071.854759
4.23453116,53.90753634,7.839806795,-4.11591421,-428.4639087,79.41311639
7.533748451,182.6072321,22.69218284,143.1011363,-1520.535105,747.2612655
2.005168818,14.92871772,10.5051916,20.56172164,-33.07004591,59.94730474
9.318350694,270.7926752,21.39517055,293.9327354,-1726.313123,1441.537121
3.507776745,58.97733133,14.03407671,33.30210725,-477.7068531,140.1996138
9.932339428,318.3127136,22.65009113,268.8465977,-2342.483182,1553.273157
5.013440465,86.76367996,17.0399101,50.23605716,-728.9336806,254.408122
8.668978823,253.7299554,23.9180714,239.9258141,-1841.908604,1180.180196
6.19522428,122.9674075,20.94160414,113.6281824,-987.5300831,486.9808162
9.202675404,260.6218091,24.08845707,285.0919927,-1679.902767,1388.233122
6.416420475,145.2311131,17.6904294,137.7329244,-1160.828579,562.0347189
0.134588246,23.84702692,6.478389579,-21.71201838,-119.5473395,-40.86247351
9.469679217,283.180604,26.00343457,218.6985346,-2235.463915,1344.699833
1.854674853,33.2085996,13.44102318,-19.41747807,-223.5633934,-2.149445081
9.584779912,285.2394691,29.31163172,315.4154408,-1753.158295,1552.544351
4.184805791,74.18660259,11.086168,37.2318044,-614.6755537,156.7582925
0.338859541,22.58996034,12.80806672,-14.46951216,-118.8395036,-15.20805996
1.38608441,31.19147597,9.449438832,20.36846785,-197.095679,72.39890378
5.344237678,90.25617345,13.37403182,102.7890803,-679.7249699,371.430131
0.610322735,19.73589785,5.611007252,14.66168326,-81.17458908,52.52778261
5.962356405,107.9323272,15.48094903,121.6389506,-819.4155053,471.7374328
7.280223923,167.4885513,20.83211903,102.8397006,-1450.631644,610.3935417
2.380778553,46.51030969,6.422500095,18.39014952,-342.6436765,75.92370257
8.390527602,218.8371643,23.22147333,152.2548784,-1841.344641,936.1157455
6.336416312,128.0567814,18.097524,67.54226829,-1130.222166,427.9502011
4.506356112,77.02376029,16.82121555,25.85690781,-659.1673339,170.9712245
6.159392129,128.2315433,16.86394745,90.69220082,-1086.323992,453.9882556
2.357227201,34.96998032,5.951438136,16.79691856,-227.0268264,74.1528583
2.897767477,34.58825872,11.34757487,29.34629566,-222.9005605,96.86740985
7.753522222,186.2929357,19.38309418,166.0528737,-1474.051578,839.8790156
7.175590438,162.6825256,15.05472,173.9187828,-1220.35148,762.6624099
5.576363277,116.0670589,12.26584379,57.78223743,-1020.540638,309.6752372
5.034623343,81.19861483,17.8147462,5.597279713,-710.2740719,153.2654477
3.718149658,53.36353964,15.95940363,34.16049295,-410.1535922,141.9975847
2.572509913,21.0647107,3.632700132,-71.65170323,-55.32526808,-121.4485392
9.179412167,282.0051259,27.20452945,297.0733286,-1823.190376,1425.249291
8.759333713,255.0049363,25.82355726,273.7588899,-1684.041959,1263.224713
4.539442325,70.05449446,16.12257634,27.21544611,-576.8417787,169.2749865
1.869996836,30.72447736,10.94329231,26.3832981,-188.8970152,89.55480304
1.934580786,25.31627213,5.782605446,-17.6490562,-134.1577481,-16.90175254
8.196846441,214.3862768,18.31697771,203.8091468,-1614.911417,1003.179641
0.392897196,2.919480477,8.976170621,-80.33149097,138.8734476,-152.6777987
5.844378266,125.1719924,16.49407027,126.8786835,-972.6194448,495.74734
6.494985232,148.6487357,14.91877569,77.07724429,-1325.425959,466.6313455
1.707769881,21.72370124,11.1461707,-62.9303448,-63.05496009,-92.0230489
8.295626403,220.4486058,24.67186504,177.9589893,-1778.116198,949.7079457
8.635356943,231.1047023,22.20889883,260.2811307,-1526.55462,1216.463134
3.842567231,53.47099845,10.03609397,21.63939068,-417.6611033,131.1014314
3.239812109,38.39219275,10.31695756,-36.68720938,-254.509334,-32.56154312
1.484706524,17.50427334,7.882834947,-66.01081504,-29.608487,-111.3572112
3.298469582,55.03353372,13.9601609,-9.025271139,-440.0015517,23.64340941
6.518083456,135.2208756,14.89956666,64.78873326,-1200.670443,440.6730103
3.25906108,48.30580061,11.00137638,11.07546936,-371.3629925,77.59029563
6.453831923,128.9116433,19.12315242,82.86931652,-1101.039147,467.9498449
2.077207764,40.25681109,15.34672542,-16.94993818,-293.2558336,-16.6101518
0.106261313,20.89153165,13.29406931,-31.79984423,-91.76820965,-57.28896615
4.240996697,58.10896254,11.13625795,4.255693719,-465.8271265,105.4357526
3.013122799,47.49011006,7.148191397,-29.74750872,-348.054221,-16.59741805
0.881406508,28.11126454,8.857207861,4.193701494,-163.8433879,30.54419896
0.629636642,15.57559578,12.04587964,-55.48442194,-17.45699441,-107.9897625
9.684529419,297.3900426,22.94395313,286.5305085,-2040.451904,1540.67286
3.629840025,56.82801459,11.44909745,-22.28334662,-449.3203479,10.39883945
5.817828635,114.4476682,11.4444984,130.9750585,-859.7754785,489.2072358
3.033647273,47.60335371,14.08041167,-0.382686479,-361.8506735,47.73708624
4.80591702,79.99036637,17.52231359,82.18154882,-613.3560887,285.7123923
3.041283405,35.92875077,11.08810493,44.50584762,-225.3389251,121.7761789
1.825152994,32.84111102,11.59812103,30.898136,-199.7464442,96.9300947
4.545115042,64.02757049,9.487443807,-8.516325849,-523.4973763,91.0902483
5.684866448,124.5781254,20.73629337,61.81947059,-1098.148689,336.3652118
7.858731756,187.9719026,17.39725741,159.2744696,-1523.131956,846.7497303
8.235424663,229.3083918,18.66208783,202.6703463,-1764.013215,1001.238621
0.283521228,16.73486335,11.80142259,1.232084906,-47.49984004,31.65388249
2.573111771,27.67138805,10.68208656,-50.29825705,-148.1976775,-66.93059414
2.324756369,19.68598798,9.369419272,-37.9345428,-73.90813661,-39.48346193
7.246462277,172.5560006,23.40391514,138.222086,-1430.925462,690.1373638
9.789922402,300.7605116,21.79678438,325.3807421,-1847.572857,1640.761716
7.908255876,192.2113994,23.9679493,131.3261729,-1632.482656,794.2441009
0.077897432,21.02001337,10.48708639,-55.00973797,-64.12984216,-79.55339163
0.29673349,21.10500133,11.23576351,-54.42186851,-75.82412777,-91.79022033
2.351211887,33.46193072,8.787263779,-53.10662899,-193.7303615,-83.87210545
7.761073835,186.1642636,23.68889101,185.1519242,-1411.698723,865.2755331
2.608827439,22.78031721,6.657848875,23.51746435,-110.3719551,96.08891325
9.667152678,297.4917209,21.85763014,311.8217982,-1895.402757,1586.262077
6.882814114,143.4360313,16.61240752,144.7164271,-1122.569698,634.4232756
6.021287271,130.6981072,16.15778511,70.60780715,-1138.955302,391.5779828
0.518187314,6.773352497,8.466292599,-63.12854697,73.78704713,-106.2931013
7.872550987,191.7911359,18.58857046,162.12661,-1549.489906,833.3009953
2.399125057,18.19797434,7.443246085,-29.4051268,-72.04606754,-21.61073559
2.984919228,28.79527887,11.53681433,-36.22763284,-162.4059924,-26.79354911
7.983338052,204.9124257,21.19393947,180.2451072,-1624.120738,908.5764607
0.296073754,2.641314202,1.782647508,-93.81021976,168.7504486,-174.1814784
3.798819584,54.77378021,7.304080267,-30.33448551,-432.3202041,14.84168608
2.69047491,45.79094271,9.36444415,45.9169393,-326.4536889,136.5515606
0.51068982,16.01721394,7.232993274,-2.887017084,-55.81471102,-1.956418328
8.84298264,253.0195191,20.0207316,200.3396078,-2022.793446,1122.965629
5.476971135,117.7115286,20.22398225,98.16491623,-969.5741448,375.9810355
8.255019227,222.5575791,18.95956285,209.9835455,-1674.766732,1017.921926
3.419067185,40.43833579,6.483882273,-22.48981235,-287.3801817,0.514606031
3.286381189,56.28018819,8.723857086,3.940784323,-459.4220932,76.11841806
2.486255583,24.00881305,4.023779135,-18.91887207,-122.7537306,-7.342422074
0.500311135,8.42361131,8.625035205,-50.9195089,60.68568119,-100.0296803
6.612925071,138.1049519,18.11390133,118.4793566,-1123.02314,557.9079515
0.726311273,19.92663017,8.211873635,14.66435889,-88.24677632,45.45076243
6.588882435,153.9392724,21.63042215,177.47405,-1110.303412,673.5448002
1.826886281,24.71396216,10.52138601,-36.15347303,-120.7239911,-51.03408168
5.561947471,115.9892733,12.76890166,78.01280899,-994.236464,346.4252711
7.767423756,191.7742313,16.43261728,167.0835712,-1523.074065,840.7460942
3.97038531,68.52402421,12.8762171,54.5490384,-554.0929282,194.0473807
8.197440609,213.7346907,20.5780744,173.6622786,-1717.596758,940.6708837
2.209064864,20.39974006,2.927109609,-47.31176295,-80.34486965,-71.65048569
5.806688434,106.7146655,15.33377728,120.4013671,-819.9152065,453.6746538
3.240885477,61.38191789,12.69559325,53.68054889,-474.9307883,170.5862331
1.421093084,24.89376736,12.83297447,34.68006563,-129.7294184,76.4592991
2.86007748,45.92006721,11.19661887,-23.24549605,-348.9322041,1.272987662
0.805738904,15.49827707,11.1758006,12.94677994,-39.12605055,37.90206547
4.466992362,84.14037993,17.44752636,75.83385498,-665.7357752,250.4531179
6.385069537,147.3379303,15.47240837,79.00329653,-1302.52689,457.3659789
5.527499569,100.8236379,17.28199241,113.8590493,-761.5534746,434.7020628
2.907957486,41.59802848,14.82026011,0.361389315,-315.1495484,53.16110817
1.225991625,29.20951461,10.4328716,-19.99380897,-186.8654141,-10.77800431
2.092182118,37.70283572,13.55267335,-20.41415837,-258.2982398,-9.785834961
2.505537464,43.45681194,9.371781144,38.1081918,-318.3972587,119.9613521
9.556204484,278.7843269,25.11503376,264.085978,-1986.755697,1443.694197
5.379559905,87.44217501,17.40789776,82.6719514,-701.3902242,344.7558403
2.08838717,36.73329624,7.653544706,40.03571188,-232.9453066,93.24371167
3.285157564,53.90580529,14.12010386,56.37903629,-395.3634543,179.0853203
7.15097273,177.2388164,23.92255442,123.0661629,-1501.537268,658.6146646
9.272847417,273.2242081,20.43879995,276.2876032,-1856.865386,1394.489558
2.488382662,34.05726869,5.95172625,-32.91956305,-222.0933674,-43.62256065
5.701569886,101.3817547,15.56551361,61.01593148,-859.4851018,345.4152137
9.688910943,288.9551858,25.54403252,262.0957254,-2091.961211,1488.400054
4.80525667,69.66988708,8.794186024,65.18407852,-541.2105721,264.4696946
4.111827007,54.6831509,7.14613637,-23.0740675,-437.1880951,56.2248784
0.413448626,25.73244005,12.68954607,29.81873538,-131.9296812,87.87326427
6.108017576,138.6523536,16.07280275,82.66568889,-1200.990225,410.7412024
5.410117902,109.4543482,16.12566821,118.4375696,-835.65586,423.9190737
9.972888025,307.8584449,21.04160812,309.315294,-2003.300547,1663.747282
1.656405258,10.87167184,10.65205024,-31.0000172,19.93132361,-55.20973368
4.300709224,59.0776643,7.001989433,41.25230935,-469.3586415,194.4774271
7.073169963,159.7068059,19.81257755,110.494332,-1368.665868,597.139332
3.84931331,58.6906656,15.9754368,11.8289596,-473.1216497,112.1284991
8.717420768,256.644226,21.86952439,231.8396789,-1919.192432,1174.654079
9.291277703,267.6665354,24.63574882,220.9816889,-2078.600179,1282.36811
1.670968054,32.88512957,11.46131708,35.88536488,-197.4854319,105.4677612
1.314328917,35.03030109,6.354309086,-0.385990246,-233.4225342,6.299310659
4.568571984,90.98614561,14.26662051,24.66100901,-794.5472801,171.4111376
8.112449425,211.6325044,19.07496591,198.2235864,-1612.83032,963.9184922
8.638277007,226.7461704,17.72799204,239.5391427,-1573.78461,1166.429083
3.680139113,68.07665572,16.4561726,4.275671484,-574.3005372,82.73777538
9.919832166,301.7620437,24.54502417,280.555164,-2121.383152,1583.42728
2.276763546,38.0304376,11.62985485,-3.243505512,-270.9349829,30.36699438
2.164021967,18.48189462,9.571452489,14.34916044,-67.48799254,58.78799855
0.888141322,14.62659001,2.86515518,-74.88214647,25.20512531,-117.725305
6.130136688,132.012161,20.82451022,100.3839405,-1115.274897,462.613228
9.219505958,268.8587258,19.38835324,200.7579018,-2175.671593,1218.077477
3.919010355,66.84689269,14.10413263,57.66284934,-525.3427694,192.8999059
0.190726627,22.66379084,11.45207021,24.1443713,-106.0430292,52.57097944
8.010300887,195.9142909,20.53893781,137.9519169,-1665.716618,818.6014935
4.782699226,84.88780992,17.32716045,61.44162525,-705.7055302,254.410588
9.452196706,278.5794956,24.89832533,290.6956792,-1823.771543,1468.985776
7.144570182,174.5828022,23.63655225,140.6859967,-1435.475409,672.0858193
0.877483806,30.14473994,11.65184632,-18.25534905,-184.1051816,-20.29674877
8.652973008,229.7831076,21.24787117,236.3944824,-1624.868497,1167.164485
3.694953227,70.75736259,14.4284444,20.17613558,-593.4717534,110.7441505
3.497738596,49.04611589,12.07390558,24.52563061,-377.9034121,109.0366153
8.699409626,240.0462932,24.38038628,224.0058678,-1784.948723,1151.874551
0.652241852,4.546121994,2.908030391,-61.50953676,102.364503,-111.2393875
0.473510436,9.013370267,4.515251851,-31.41234889,37.07613936,-31.85088615
0.511385125,23.73165522,11.45340785,-56.23427074,-102.9409736,-87.03995434
5.438283046,97.79681305,17.23914788,63.65278983,-834.8964844,309.3743757
1.353366607,25.46589958,11.39082543,-16.07461762,-137.8318911,-20.30870018
9.983933365,299.932445,24.75814132,237.1472603,-2325.803845,1512.93993
3.016673452,28.85759898,4.558159271,-49.34440342,-154.5193611,-50.49397954
6.594167875,144.2431647,21.19605964,133.3764027,-1160.130445,582.5774333
8.464155103,234.3593448,21.87520222,175.1935464,-1933.255358,994.2963785
5.587744668,111.8079238,18.31586686,62.50844931,-962.9967689,336.3455328
2.82708022,26.25204592,4.852684413,-26.09338853,-153.8573568,-25.26293958
4.952974135,77.26520722,17.49776265,30.10010723,-645.3376733,211.3094138
5.522255872,113.4665471,15.65634195,50.52148233,-993.0742074,281.0069174
6.73051115,157.1686069,23.15067434,181.043029,-1127.91313,708.3337883
2.075872206,39.7615155,7.131008368,28.4529927,-288.4230524,86.37419375
8.093410556,205.5675246,16.83377809,202.1304327,-1540.10444,966.339186
5.217608256,93.08270944,16.73056408,61.74050903,-792.658467,280.2574019
4.78118834,78.45680999,12.23560458,87.54817299,-596.5636668,312.1698336
7.598747818,184.7047148,23.17482775,161.8416016,-1479.380675,784.1085315
3.552678913,56.84692739,13.30761673,60.05241855,-413.4165505,180.7649283
5.678217858,121.496843,17.95426702,121.5998519,-949.7915017,458.9145612
6.647365189,144.0431389,12.57203558,109.6246457,-1210.497116,539.4632685
3.905717113,71.46146246,10.94757753,52.78133453,-579.4803609,195.9682401
8.848173336,245.0144642,24.86666773,262.3996014,-1651.534782,1255.476892
9.194562868,274.9077204,23.37988837,267.7055257,-1916.602833,1348.169239
9.421999522,291.5845584,20.46494375,301.6011424,-1896.810928,1489.088353
1.094516691,6.634544419,3.412302031,-12.77019053,54.07594143,-0.977658869
7.657526015,191.856972,24.84092806,133.6455202,-1632.890734,749.1907744
0.330434329,20.55654623,11.34452182,-22.77477583,-99.4575993,-38.88957628
2.773621032,29.51418303,6.90523415,2.766800995,-184.384865,52.98806693
1.340259049,22.96678587,7.173764544,-65.6446714,-67.04645043,-100.4781391
1.71309142,21.95541414,12.23122859,-4.161729739,-100.5854939,1.545537528
9.669655745,284.2351056,22.85361704,288.5276577,-1909.161768,1531.878247
4.436245665,63.67188653,9.79222332,70.6073097,-483.5853011,250.7296325
4.570856921,84.86320267,13.83244105,9.744175554,-731.6326588,148.7315627
0.032291468,15.98983209,13.10177864,-64.01050182,-3.013800892,-119.6856385
2.279115143,19.40232979,6.060708765,7.578418253,-77.27769248,35.78595799
1.123160346,26.35634627,13.09453269,6.253060905,-146.9383559,28.66616264
6.520840554,142.040743,20.49112143,161.669532,-1040.162277,626.7359853
2.790318739,41.18266733,14.45641366,52.21233652,-276.8956125,133.9137108
6.378937548,140.1958018,15.44426158,122.0349156,-1135.234763,519.0565838
6.323687107,129.9496612,14.28701971,143.1128271,-975.5386678,568.4028557
2.36805557,28.26861363,5.470765588,15.17700155,-164.2773755,66.7169754
5.772061648,109.2374951,11.39171373,69.97409914,-929.4489023,370.5048856
5.514719052,92.97305464,14.51821735,37.85828145,-803.3988942,254.0147387
8.730148092,231.9851046,19.19965797,196.6377172,-1822.498576,1106.099746
7.615843206,175.2663013,22.95197098,114.7897727,-1519.616005,698.8067776
4.115487391,59.50421081,12.80768255,63.06860647,-444.2056849,230.4413613
4.738307932,86.73960974,16.20642016,61.20150743,-713.0772289,261.7837703
5.386701718,101.7360464,10.16212361,61.997803,-873.8823491,317.4720784
0.405062775,12.31272422,6.407208582,10.15352062,-21.02461305,23.96628242
4.518612563,84.57594578,16.54654395,39.90426865,-711.0724153,190.6997146
3.798798334,62.52570868,14.47861356,46.08926514,-492.8281813,175.1720453
3.150471095,56.95958922,16.33946896,58.44993249,-434.4758741,181.4045255
4.682181311,75.1391521,14.63627883,11.76303239,-643.6019682,159.2624681
5.638767765,116.1110375,13.65955792,37.10238417,-1034.009365,290.7472673
7.093427227,160.977712,21.08853313,133.8305929,-1326.235966,643.3073285
1.900923759,35.37465269,13.80412938,28.26956161,-233.2037886,95.30600081
7.015363177,162.3433674,22.67904681,177.870955,-1189.40161,737.9022632
8.406996951,235.832424,19.67093632,231.0500286,-1716.663323,1086.527995
7.38440063,188.2714739,23.46853811,166.146694,-1490.665017,756.1142035
3.234179106,48.35989603,13.9118787,23.83378225,-360.1723237,103.4725506
3.908943656,62.36810988,13.68956385,33.84715562,-508.2980534,148.9297636
0.618062726,19.00108831,8.260283306,0.424134152,-88.14089001,8.111437537
7.062107904,170.1815771,17.39754495,111.8729815,-1459.595883,596.766466
3.897010222,50.46099825,6.266029124,20.41684812,-384.4959392,134.1426841
9.014478455,246.6159388,27.04510666,240.9952085,-1767.93956,1264.247696
4.465338735,87.84736867,12.26377384,22.49808305,-754.1248213,145.7726528
1.742602022,30.59790857,11.15836049,-36.44925788,-179.2671316,-36.54220381
5.681327456,98.33957498,16.03568458,32.65871077,-858.0443926,273.9967713
6.134488703,113.7198386,19.76466617,108.5193619,-899.6624247,480.6272262
2.448273892,29.8610944,5.027898799,-26.8263325,-173.5573403,-25.67590694
2.584877135,41.64839708,9.555259261,24.97720085,-302.5672118,74.37358817
0.987435401,13.70323888,7.892750688,-57.43256744,-2.125937517,-86.33539657
8.964732689,248.6463765,21.19682475,241.6918065,-1792.865458,1234.074923
5.46347212,111.0729967,13.89926709,96.67074622,-901.7221877,396.8457957
3.974864464,49.72566577,10.35112981,35.85383316,-371.5122286,166.584141
5.358201679,96.20464227,12.81722729,16.06887249,-840.9998383,207.1434332
7.468279908,185.6329472,18.34366751,203.281824,-1339.515623,852.2083054
2.27890885,39.31741652,13.13423723,-45.13337288,-253.0220481,-54.04449812
1.849294327,40.22536032,8.065622243,-47.27820651,-262.80638,-63.97543182
5.835688331,113.3741121,19.03268699,120.3716112,-885.1681755,478.2930931
9.271889359,272.4608529,26.88431454,226.0241242,-2096.549046,1276.847839
1.237195378,6.282314054,1.411454603,-55.43177757,75.68256799,-104.6503337
9.011861168,255.1905661,20.14688124,231.9001498,-1909.88721,1227.325884
9.403937074,290.7104074,27.54280303,277.2948995,-2031.453663,1432.398976
0.532089637,24.54805767,7.825875608,-29.5458575,-134.4225304,-51.39884026
7.882259115,188.9581362,15.67206644,123.8826446,-1633.768295,781.5578184
6.872533823,167.3459903,19.96800943,155.3532436,-1322.614327,655.2813737
2.043590755,21.08175019,8.30198393,3.894479994,-94.6217689,27.41096155
3.688439061,51.18950031,7.208885827,-8.281790097,-396.8761919,61.05746171
8.83230148,254.8397734,26.90513256,260.1507553,-1764.587246,1256.144455
2.270265314,22.75170125,10.69272296,-35.83694548,-96.97377885,-46.61025987
5.071048919,94.64830644,11.88174564,27.22598843,-822.4911028,214.1686579
1.17954463,18.26154667,9.590708408,-6.174837956,-73.12485434,14.21985963
5.283136443,97.33684395,11.24939339,38.46446415,-856.8766161,249.5844358
4.208895811,61.07742286,8.360728579,12.88803893,-503.0284079,132.5114454
0.671694969,3.967555874,8.595341646,12.38571136,77.10774905,34.86120211
8.889827448,237.4009578,24.89186516,183.1172147,-1928.399091,1100.072193
0.224588738,10.34748343,9.49501261,-47.43038306,25.53922252,-86.43508645
6.521899193,130.9972855,15.9973239,85.58539934,-1123.578628,476.0937467
2.975995552,28.27726983,12.78624615,22.05587419,-172.6000932,88.99055431
3.49025167,60.5576548,16.94276618,44.77921632,-481.2002115,161.3294444
6.444550181,147.4898102,16.04450392,85.95962642,-1288.005287,482.9324626
2.222974214,17.27472842,9.605954269,24.14878372,-58.63658189,78.52657873
3.479105075,48.57623016,6.862857262,48.48830457,-356.6436033,152.2934982
5.090024797,102.4061405,11.80725916,46.67765274,-897.9829902,261.3804102
5.003045869,78.96168403,12.14504,55.27284404,-650.7568758,258.8035546
1.025784951,21.99105341,6.117136481,12.36467988,-98.4011951,41.04505815
6.088073396,133.9427586,13.4496317,137.2441233,-1040.221953,528.0634219
9.232800469,262.6905834,20.69016462,219.7115951,-2036.259773,1259.700034
5.795291069,106.1174945,11.39334306,51.8362723,-926.378095,334.1184082
1.952831291,24.98233958,11.16217152,-23.57135952,-140.229031,-15.40858451
2.273515155,18.24933122,10.61389118,-11.59468505,-69.59259953,8.045989764
9.517748106,289.084438,27.37399195,271.2950848,-2053.10144,1460.833126
7.327354327,174.7096569,15.57532,176.7464071,-1323.650981,765.0885012
9.264562381,259.5805303,18.89889809,196.7237602,-2098.297838,1235.179149
0.500482297,9.092553167,5.599930582,-4.12735431,16.29961413,22.7393365
2.242752382,28.92803425,11.6230143,-41.00794673,-172.4120677,-52.75350854
2.479944115,24.73087672,4.726135196,-21.57470775,-138.6700592,-0.113852859
3.563799602,42.06136397,5.435976788,-2.395903237,-314.1444384,62.02118656
9.438200669,296.6106581,23.46537936,322.7499917,-1816.409013,1519.401943
3.872670459,48.95347384,15.25658378,-15.40022713,-383.8433717,53.58506061
6.866285217,155.2896822,22.56124767,126.0081373,-1281.135369,620.7091992
4.768043531,98.05509438,14.0842172,46.08453528,-847.4957005,213.4170377
6.957820836,173.152885,18.92223593,185.2921113,-1276.617724,729.210103
8.312475826,236.1893438,25.49837045,238.1680081,-1680.220249,1102.59974
5.263586961,91.95678109,16.00055714,93.77354476,-725.4533003,343.7505997
2.245347335,37.25393015,8.890543903,15.97531945,-253.5605094,71.83573845
9.461325475,297.8688674,27.11881585,266.4140237,-2157.661477,1411.135661
4.878927451,98.88942426,11.46416347,44.00687986,-852.2177022,236.9655979
5.023280079,88.04615538,11.74899483,84.54370993,-702.9594846,321.2857396
4.999097234,91.99872344,10.96599554,98.80048497,-707.5740739,341.0149523
3.64479017,57.66338213,11.6385156,71.43085289,-421.7313711,222.2535287
5.832818681,118.8186379,12.01580218,99.14784231,-982.6355343,416.7361868
0.359967173,19.12503862,12.38295521,-12.43770541,-76.19832746,0.723697822
4.85955406,89.14206339,13.27381651,71.74612862,-733.1205645,269.4010909
3.594227475,48.3950881,7.473856777,-36.31805538,-351.394777,-11.11100245
2.234063096,25.78947973,11.26100645,36.90370731,-143.8029689,96.55366479
3.519367987,41.31391152,6.060746352,0.319045671,-297.5142921,73.01828314
2.363789499,19.28121028,5.048459407,-54.57908898,-49.18171361,-71.23717618
0.605523773,26.42171792,4.727919745,29.47125302,-147.5487398,63.05037899
0.555539539,2.159790209,5.525338655,-84.08341281,155.4263145,-148.1890153
6.640462182,133.9506688,20.73332596,139.8522771,-1027.78495,615.7841176
2.90738152,36.10155718,7.25067764,-41.51168571,-241.2968813,-48.9425879
2.187236425,43.82075136,10.32134256,-17.37353045,-334.4514109,7.846163123
9.913902243,301.6273327,28.54169174,269.8167677,-2180.744495,1566.526605
9.91121442,305.8314,22.33015748,240.46579,-2363.083876,1496.412772
5.13845292,79.25810393,16.98247973,10.50765634,-682.9357669,175.0161152
1.360690351,9.910031455,8.538299876,-25.8470804,25.03911218,-30.23512233
3.874743856,66.19848944,14.61975281,-9.05969686,-551.2111989,74.71162991
7.355790182,189.4606569,23.27129876,215.2506782,-1318.277784,872.7630778
4.190937679,82.21158224,17.58925005,14.84197696,-718.4875857,123.4417667
1.425479491,34.01990154,12.50535857,-49.12343607,-198.6512138,-63.30422211
5.265745561,101.7662597,11.34779178,51.54074134,-890.6660399,259.3833308
8.367834266,226.3338826,17.59884985,199.8511071,-1744.138224,1015.542904
7.604732684,196.6132308,25.24312056,180.3706053,-1539.59964,844.0546927
0.641766405,10.35818863,6.939010453,-47.62545099,33.24573506,-73.93498294
6.842689419,159.763409,18.24282371,106.9622798,-1377.622509,576.7122412
7.177446776,172.4277843,17.69820413,187.2262364,-1268.396248,774.8168678
0.156910308,16.017898,11.04665269,13.70617423,-50.29224916,32.20161265
8.82495876,257.5694025,23.30333527,239.8352466,-1891.560356,1207.414545
5.089822328,83.6726171,9.422987464,4.254435122,-726.6154831,170.1145193
8.851646842,241.9981112,22.39121682,182.7316487,-1970.960297,1102.877203
3.881793679,66.91472092,15.70311487,79.39221836,-499.2599482,224.8549562
0.038580961,23.67350468,7.799003348,-15.0747616,-128.291678,-27.20350477
4.446882123,85.67696231,11.9032701,68.1867734,-704.7777642,245.6746739
6.548848039,130.755196,13.80853345,66.80374723,-1144.840716,454.1558578
8.389223276,235.7402369,25.30013576,244.9593504,-1654.224288,1118.548108
2.030849483,29.54631583,4.653843267,23.35993161,-187.8371033,74.28202587
5.154721372,87.64115749,13.069014,68.19898925,-724.8893762,283.0610905
9.113063139,270.7571672,22.99657816,240.6773198,-2011.945494,1283.83614
0.948295818,12.63590736,6.562901026,4.53005481,-18.41719894,34.20167894
1.493110324,28.67372957,5.606403253,-51.8548148,-144.1104184,-84.21718487
0.055881414,19.18957473,13.60192265,-9.492887394,-86.41753016,1.066125093
8.297864726,214.1607839,18.55168609,198.5719093,-1643.378341,1016.184756
3.115394159,47.16238283,9.015099524,6.252411327,-357.7415509,66.67437635
6.899827544,148.3959335,19.76821027,98.21091518,-1285.316013,543.6993825
0.409961738,26.6767396,6.054952228,-9.228540349,-152.5013494,-15.3969103
3.755281795,58.14573899,12.01750188,58.84286699,-431.8495842,193.4998114
8.050096483,221.5569155,24.69176655,229.5792498,-1571.093035,1012.213814
7.548754871,185.1006562,17.00377723,134.4225051,-1557.086174,738.844023
2.59003843,45.47840178,15.59993687,16.11115065,-349.0952332,64.12646264
9.937217287,299.9245766,30.00700078,333.4746178,-1769.574895,1690.162763
7.243249291,174.0237758,16.66421528,172.9853408,-1327.959173,769.0508746
8.230835896,229.8368913,21.55014997,188.8118738,-1831.344974,958.8363227
9.587826349,303.7704759,21.42093119,244.3086266,-2337.006688,1402.791529
4.310300461,72.97637482,17.49283158,26.8834157,-614.2308685,161.9711528
6.816163875,152.6228963,21.45788874,172.4674059,-1118.661857,686.6129152
9.485183396,282.4829812,23.71455662,271.2684847,-1984.420847,1451.81311
2.246954357,41.46597955,11.62680861,10.12508575,-297.25482,39.75350244
8.007091033,212.7507489,23.49838074,235.104118,-1456.398047,1020.988917
2.663347694,33.8099234,12.55140332,7.510549529,-236.4333366,48.39017796
6.732652817,137.0380283,12.37870485,91.06872858,-1170.925358,518.0986682
9.047058642,272.982546,21.68062464,299.9054996,-1718.987177,1392.245252
5.942062023,130.8598723,13.53381073,149.4277119,-973.8817919,530.4900546
6.114887159,116.2186723,11.83566618,59.6831804,-1008.756177,364.6626857
1.156307472,22.66647694,13.26195586,8.589400433,-110.4485193,28.43459736
9.106715898,261.5317839,24.44361594,282.4641875,-1704.326381,1354.243755
3.40985565,51.07423406,15.64327263,30.00488515,-400.9366617,124.2312354
4.413610025,76.49635762,13.81911703,6.829379925,-656.2624651,112.2519937
9.193040234,260.8864168,20.95195976,198.9406224,-2109.65244,1226.064906
6.604271531,147.4492073,20.63550643,101.2176451,-1258.184641,532.6967027
2.791278882,51.00298826,12.85558055,56.72703085,-358.7107984,149.8625985
2.466279602,48.24110844,6.807999791,1.082927825,-363.47003,45.7509386
9.934222741,322.9764272,23.80699691,338.432478,-1970.877139,1698.667642
3.528570833,54.44631981,14.84302857,-17.1688148,-430.1266483,35.17530146
6.712477993,136.9621493,20.53392989,91.48732198,-1168.844214,518.2645617
9.817967319,305.1745211,28.97103468,298.145309,-2062.166539,1576.556639
6.319008176,133.5900008,12.94899133,117.3739648,-1090.513914,515.8859251
1.07460885,30.29904831,12.15026917,-49.8917464,-160.5401151,-89.29662832
6.632366576,158.5175003,20.00436738,85.23176697,-1406.52473,488.9557962
3.252403936,36.98706979,9.953673709,24.15437532,-246.3124128,103.9066106
1.95303261,33.2236718,14.58380712,29.67970808,-205.3129397,97.99539083
5.612451606,111.5442454,16.50725407,38.93906003,-985.2906935,276.0288756
8.810973904,234.7987019,22.80151669,192.1215685,-1876.05846,1111.390487
5.514763863,119.3264893,17.11328655,110.8640495,-960.4201345,413.1055129
7.444295082,185.725993,22.24629588,207.8881314,-1308.097178,850.9290311
6.881691187,142.6575626,15.15303989,114.1082882,-1190.013823,586.7245316
8.9693598,269.9100599,20.84872994,246.9786908,-1979.4185,1246.48578
3.961752535,60.20867685,13.17410634,-2.559830183,-485.700082,91.88090621
4.703221372,91.37134754,17.21452739,75.14153718,-747.5811559,269.9141858
8.223421146,210.1420893,20.66245771,219.1337037,-1503.512384,1022.277084
4.274706791,57.69962346,12.81643983,61.9015043,-425.2824538,237.1376169
8.976036294,254.3818013,18.70277116,231.5439337,-1893.718398,1214.619206
9.179791728,274.6253164,24.55550381,259.9339906,-1958.335331,1346.256694
1.871277428,38.46733783,13.62420702,-28.07664053,-267.2079394,-35.4277869
4.246105532,81.25191464,13.14951249,86.05622465,-621.3035478,273.2438719
9.597530406,295.5804657,23.32385781,267.334005,-2138.435758,1463.557365
3.691500939,58.21763555,10.50277055,-17.82171348,-464.7758626,32.24562948
8.388858021,213.1873872,18.76904522,141.7651903,-1818.544144,896.0840555
7.683449367,198.2086888,17.61088265,219.8252022,-1381.589933,934.3701481
2.885316838,26.35057625,11.59131884,-19.56540526,-153.1848039,3.513836784
9.724128102,297.2183191,27.02881367,242.3978248,-2284.540674,1455.000083
9.210233284,276.4227806,19.96633265,261.4564773,-1960.950138,1341.047175
7.448417794,175.2233077,16.63112625,119.4916245,-1494.876947,696.3425283
3.597230638,58.07349892,8.436522299,0.176100488,-470.5225186,58.07880578
4.894541792,85.60066328,15.58837506,76.06123384,-688.8547007,287.5800879
0.248643233,2.428560802,1.770333232,-93.18448686,178.1275271,-178.4212049
1.30945717,11.94689185,10.62113847,-74.50610495,42.82330005,-119.1624047
3.590588062,51.84754097,15.41877764,-1.450637777,-417.458101,65.18060187
9.422540735,284.8388903,22.38443433,223.5453574,-2246.502975,1331.057553
2.160763883,35.62493819,8.557188789,-16.40399456,-237.9595482,10.28127842
2.219771198,43.55014288,11.48844935,41.96322371,-317.0731697,102.7446678
5.392016306,102.5862767,16.37187321,72.179199,-862.273739,338.8535054
2.962794045,47.22195914,7.544037439,7.394633608,-352.8531143,51.51138276
8.600503118,244.1365977,25.41016438,250.9134796,-1694.998711,1168.304899
5.59486357,105.4632459,13.66291493,50.8858042,-920.0369634,300.3856841
5.966464624,121.8272492,16.61628451,101.2595511,-999.1660123,444.5431143
1.089957298,4.813354649,5.823655451,-37.46745528,75.67190215,-43.52649298
0.122800307,3.351957616,6.876845076,-79.82851937,149.7106713,-153.6990626
1.593686487,9.004525621,1.574827026,-73.19676224,82.58261666,-134.2212232
2.324220055,17.33001579,10.89404525,-15.84733346,-60.70273738,-1.799006502
1.785844315,18.94639291,4.177943188,-29.76292177,-71.53094741,-48.96296635
1.964498781,20.33563963,5.651556134,-42.32405964,-84.94355379,-49.65167864
1.426760248,15.13133696,10.63014253,-56.73708211,-9.440306212,-91.66558712
7.742340176,195.2674959,23.53737259,137.8536801,-1660.234568,775.017752
8.049759228,197.9497358,16.53904397,152.238725,-1645.701609,863.6236212
1.690413403,25.44751361,5.852681208,-4.856032012,-149.3284454,1.20108905
8.957681573,245.9210524,19.78468128,200.6330289,-1946.048263,1170.359537
4.169691723,73.45480623,15.25076023,75.86763122,-564.4341991,249.199257
7.58936349,173.2074347,14.38552079,113.5246896,-1493.829199,696.4965334
8.296535026,227.2523518,18.62760162,221.8521853,-1665.769469,1040.399626
0.815091132,5.021492544,3.883090427,-26.44206338,65.28641839,-29.63940814
2.618470925,41.26722361,10.18366393,4.971164332,-298.8540928,56.23868624
0.248906068,14.89096997,12.0614746,-16.2895533,-30.50952646,-27.43196965
9.672720597,305.3506784,26.33949673,307.5796263,-2001.325009,1566.372184
7.656996307,194.7873955,20.04707058,164.8431241,-1562.491885,827.9642578
9.583539515,279.6068749,20.30284676,245.1804817,-2092.654306,1413.108356
5.972268453,130.5262999,19.17480027,82.13841755,-1123.899455,394.1003181
8.094286529,203.9017421,22.29867991,210.4899153,-1481.639414,1001.250189
6.003392223,110.5222624,13.5941691,96.45201519,-910.805196,432.0230771
4.475257148,63.17136694,8.547041694,19.12402873,-521.4635821,159.1551582
4.326594384,80.21930236,14.8454328,9.786114225,-687.26452,120.4481788
0.005643884,11.99118325,3.371930805,-18.14671219,-1.494578652,-19.09265161
2.119622036,36.44282312,5.468029365,40.27781097,-229.9462296,97.48636803
5.335368746,93.51230989,16.29292993,84.2006479,-748.415366,337.1626545
0.506547507,0.832617497,7.402636372,-37.2111471,106.208011,-60.36699355
5.483385741,92.73861857,11.85495277,19.14727492,-812.3083438,230.2167354
6.7111195,150.6878312,14.50337238,149.7031637,-1179.512823,632.8734455
6.287727236,143.0108341,18.5763086,139.4921572,-1130.398846,570.530908
1.701672184,14.99048102,12.08073894,-57.35465104,-13.60242556,-92.67667568
4.479089415,67.25704692,16.13652581,23.39192389,-548.531331,170.2171534
4.345807726,58.77456559,14.03376212,27.15353804,-465.2204688,146.3778052
1.283222686,21.24192681,5.98809658,-56.03909515,-64.51847143,-100.4417952
6.700373037,146.5797115,17.19480083,108.126474,-1241.804993,559.3530107
2.514621536,27.39111578,10.51544694,-21.19395589,-158.1130713,3.104674403
5.503437447,98.64348536,18.73179569,34.44932197,-867.7777986,262.4438568
1.925165142,21.64317242,6.535687121,-30.81847574,-88.51687882,-46.33431902
3.412007378,37.89373513,5.678485199,-52.08825689,-244.4508682,-52.0797564
9.36620551,276.0464545,19.68073089,229.7221433,-2117.351755,1331.867705
7.30234583,175.3028694,17.90184198,189.4838627,-1282.695056,787.9513302
5.033209667,76.57453854,11.84678662,46.11504247,-632.0936823,242.658243
8.15566758,212.4664439,22.72605982,230.7789,-1485.035943,1031.804746
0.102294871,18.49390077,5.307400194,-58.58016234,-32.56061239,-90.6621583
6.88617322,160.3846105,14.61857178,118.544037,-1352.792423,592.5652548
8.704489065,247.5737467,18.42650366,243.5190399,-1763.827763,1183.998195
5.823249892,126.6909568,19.75617414,111.3231305,-1031.999687,444.8667982
4.842277503,90.26621168,9.993542515,31.92956061,-789.0055337,194.1161758
4.235787908,55.8418147,12.25483409,-19.33450917,-439.0251376,46.24337009
6.460255665,137.3021768,18.52623863,141.985501,-1071.035583,579.1336804
5.541766196,110.4152166,18.41939117,56.37775332,-958.865534,307.0865774
8.075339392,216.7383054,22.85102399,199.8523121,-1654.787692,966.1415625
4.507933824,71.83345866,17.46204119,11.47004655,-597.3693651,135.9344093
2.724427416,23.63813935,12.55614854,7.32117207,-119.4808717,55.01322755
0.125992845,13.59205948,4.425409032,-46.79888259,-4.698324701,-76.99226334
5.151049651,80.65409155,9.050493516,-3.54967351,-700.5172674,163.2637199
8.357526627,224.8637073,26.74672373,183.469978,-1811.963496,980.5627526
1.534615567,8.204991484,1.623130674,-41.6171165,52.16369504,-69.17950889
7.969746673,212.0889366,21.88558395,212.5068894,-1551.480832,975.9362091
5.054593548,87.50838882,12.86585641,17.98836693,-755.7730445,200.1684829
0.364395023,0.425131224,1.987801292,-58.4967586,144.9001499,-94.80956425
3.591168123,67.69554998,11.61437132,6.996373936,-569.1655673,68.98102553
8.83766827,246.1373405,25.89581808,275.579334,-1596.59211,1277.261713
9.276929117,261.4558482,23.22092327,269.3607791,-1770.382736,1391.836142
3.525783135,58.06078011,11.23757892,12.74886332,-464.6105297,100.8099244
7.452129251,173.6126174,15.03942644,185.7099007,-1287.383549,817.4850189
2.386783604,41.79835454,14.00008697,40.36806982,-286.2876034,117.4723624
3.277469644,37.38947038,12.59721649,34.41973596,-253.4189267,114.9203071
4.70875927,96.05754396,19.33802185,21.28547552,-837.7280194,181.2659212
1.805148303,26.55611553,4.60709139,-41.08748378,-130.6572471,-64.31881828
4.981502324,88.10181323,11.50376407,44.61649524,-742.2365617,242.766768
7.19203609,155.2705804,18.10375498,104.1463743,-1325.745053,620.4867831
6.450356137,138.410386,14.67447437,100.2406515,-1167.340579,496.9614622
3.580216797,63.42117777,15.6511075,49.26478374,-508.1505519,159.1597113
9.144157941,264.6812582,26.04548928,273.6632451,-1796.482851,1341.735214
6.99978593,149.5407885,17.23615717,139.3301236,-1187.819727,646.5903873
1.576408885,7.710067128,6.077366922,-41.09252757,56.93137483,-72.17425219
5.331861034,96.0950157,16.8388602,52.00104228,-815.1028457,267.0554965
1.855291008,31.40119584,5.749542688,11.91098018,-211.4442786,37.07081718
3.17544313,52.30495933,9.661426614,-19.66756168,-410.4931688,2.82369849
5.832509356,122.7979639,16.06237783,140.3370212,-925.9326757,517.0220064
9.741258419,295.0901107,23.81363259,241.5496684,-2260.862512,1454.271029
4.14566343,80.43789012,16.30691948,68.74706778,-642.2970514,236.4633647
8.36815314,231.0832361,21.21154531,174.8764538,-1895.495544,971.2590143
5.02222719,96.16708851,10.94689864,40.3375888,-839.5565737,240.9032044
5.768626497,119.1768229,13.97543023,61.14794932,-1038.60936,347.4827063
9.151313328,265.788972,27.55072592,227.4382995,-2029.722377,1257.286523
3.118990597,47.0191023,9.545846616,-4.707627162,-369.8854165,38.19906814
6.523270893,151.632703,13.51685757,99.8737685,-1298.026506,492.8697136
9.542618924,294.1776461,24.88324841,326.5967192,-1762.03965,1570.21049
3.662427156,69.11119242,14.43849681,-7.575691111,-586.7861602,56.64147611
7.524012606,169.843768,14.31477325,170.2916822,-1303.12623,809.8601331
1.768061907,33.21844571,7.5086374,-9.283810556,-229.0069659,8.551745901
1.91428243,29.10609016,13.09419879,42.55418583,-153.4330282,106.9305001
3.895408587,62.47909939,15.5161295,60.42974346,-481.0113766,214.8716717
0.800183232,18.30153192,7.313396531,17.10478975,-63.61219039,50.13175238
9.068391794,276.0966016,28.92247589,253.8712711,-1996.987609,1306.319755
5.421304281,91.40036224,15.95688819,93.66951956,-709.6989476,378.6906015
5.26241749,95.84101556,15.96378831,57.38410834,-814.0582288,295.8112952
7.560890404,190.8265042,24.02198491,140.2495347,-1608.568091,745.5710914
0.488989815,16.51670028,3.799640801,6.734146304,-50.47868436,37.33905409
0.276593097,27.22281415,13.90842553,39.14669893,-156.5269426,110.2984979
2.581064996,27.6098076,5.004070311,-33.923741,-164.1300058,-37.68479489
3.729443271,59.05739088,9.41950183,37.91513794,-474.4505788,150.0190602
5.645059647,104.9061866,18.03877173,41.29886849,-922.0097044,274.2190991
5.336759891,105.5662081,13.77389691,92.52636663,-851.6595523,366.9766462
0.796251125,4.171068142,9.817147376,-1.914849424,61.69495605,21.8077043
3.262746109,51.62572969,12.57940535,4.125436487,-411.3269011,74.47892265
5.639949031,101.0409281,19.43156616,33.06182381,-882.799986,261.0203246
4.779964819,84.51827086,16.00758692,42.1757532,-725.066362,229.990649
3.544418521,64.52582934,14.87982526,26.60143059,-518.9406548,132.2440595
5.788572685,115.4812574,13.10281198,48.27895273,-1028.264251,310.0074524
5.877190945,111.9788528,13.02721637,31.60299701,-1008.06134,291.0750109
9.244672296,276.6587726,25.94458007,311.2653165,-1696.826556,1444.317725
0.235542908,14.22120371,10.34946476,-27.44562203,-15.12744443,-31.17828717
2.595060888,45.59259179,11.36421829,47.36438789,-331.2094702,144.9303893
3.817317819,45.09704249,6.768200786,49.59698166,-316.3704621,189.1582375
3.509824412,54.30357232,11.39993479,18.28951202,-420.0440259,108.4682947
6.262511404,126.5309851,14.2958868,146.9333731,-945.629284,558.1417853
7.357002486,169.4913477,21.12796439,106.7344967,-1471.029899,656.9987735
4.325403913,62.75634088,14.95778191,76.72517372,-463.52889,259.5204953
3.206313602,32.96982954,4.754142474,-49.41687173,-191.5723579,-55.99621599
4.077062915,74.06332178,9.619848292,26.79300346,-622.2915423,152.7593471
2.373238447,36.88841675,10.46840656,20.37489724,-257.0041182,67.77287842
9.016230566,252.1971815,27.98442533,193.4992163,-2032.706576,1173.56153
1.604401936,21.37492564,11.45317314,7.396604715,-104.1272998,49.01323154
8.431877443,216.0203293,18.97596801,217.158894,-1572.566822,1080.700101
7.918659579,198.8135884,16.40857736,149.0040607,-1660.806482,838.4592292
8.310514854,217.7102179,17.39260586,148.1120342,-1847.226095,903.8821075
9.901586628,315.1082255,22.68104394,315.4769772,-2046.496608,1637.045548
2.361497255,18.31154017,3.587426692,-42.95570137,-48.50739365,-65.13003423
4.130153682,72.77810932,17.92336434,43.7338052,-596.2328165,175.9114843
2.800973391,51.19439342,14.37915012,-23.57671934,-395.0083324,-8.973147978
8.078276355,199.126134,17.89809614,145.9129769,-1665.670465,839.9826016
1.416206705,22.91564346,7.986005803,-44.11551285,-97.08564973,-55.92432559
1.454383758,21.95216228,12.36468057,10.16233207,-115.375914,47.99361193
7.913434052,214.4399326,17.31985046,238.2642056,-1459.577124,998.7306859
2.721919994,38.68098955,9.987086967,-42.47628631,-262.3989664,-34.435345
3.873972061,66.0753629,13.2821402,65.26754484,-515.7721154,206.7537374
2.223416524,29.41755549,7.450277777,18.89446129,-185.0461207,72.24167631
4.574812601,79.24295616,17.93355664,45.87744459,-651.6508337,215.3923768
3.027055832,52.0639812,7.723654975,-16.70366973,-400.571629,9.032947638
3.943344851,62.13906435,14.52321976,35.21433705,-499.7979129,155.2370342
0.604248344,3.167858033,8.809572253,-65.36830593,112.2964893,-102.5145198
2.357741129,36.23912908,12.47889328,30.56017632,-246.1219238,102.0652417
2.302628007,19.82352785,7.129563125,12.77412995,-95.53041964,50.75048487
2.997823482,53.27739762,15.16447809,57.43917129,-387.7793423,149.4756807
8.149144058,228.5186409,20.94271423,170.6739174,-1874.213766,933.5770073
5.124149335,104.6762527,19.58692258,69.74080269,-889.8485649,303.3047677
1.520197246,16.90739643,5.774662259,-44.49582735,-41.73191699,-76.12652293
8.846667416,237.9745065,20.51682755,237.3391048,-1715.545827,1202.219997
9.611517717,294.7504971,25.22919727,302.5711928,-1915.441831,1537.718933
9.886788538,307.8039225,21.6065828,337.5009462,-1836.027686,1672.466728
3.901233431,68.78819496,11.42172792,8.180729016,-570.1111978,87.22623017
0.782647046,30.90628784,9.534709504,-40.74420324,-186.2719437,-67.96000219
6.005393737,113.9999483,11.67224931,114.8367382,-905.5394278,469.0224434
1.702112004,21.64870556,7.609445664,-8.973610337,-98.66545872,-0.69558629
8.341079558,233.0279287,17.60224406,198.5233719,-1828.208131,1027.959931
8.429744309,223.0337537,23.63897681,206.6323441,-1684.137367,1040.454981
7.201316421,177.3203225,15.45409126,111.2657418,-1540.852581,617.7813794
3.75170822,66.07065479,17.18106519,11.89389289,-554.1840011,87.84807163
8.779324269,239.5726594,21.18792069,225.7386024,-1775.890685,1152.386677
4.191270949,56.13524082,6.678837831,-9.688015029,-445.6030296,85.50831807
2.139447001,37.45557347,7.149238463,39.1333937,-248.5633728,97.52209282
8.631885723,245.0809938,24.38202473,190.6866228,-1967.235703,1074.207184
5.728486173,127.4518628,12.61442978,52.62448207,-1141.518392,324.0194774
8.59821974,229.6621663,25.5952128,253.2357587,-1545.501376,1183.789067
4.395939325,76.2825051,9.444625594,54.40330876,-624.0111704,216.3638191
0.857577894,20.40265315,10.83218096,-60.76085485,-62.81514154,-94.19195733
8.115550611,204.3424839,16.96436612,150.7291268,-1710.934809,879.4160331
7.843689205,208.5006128,19.69481095,186.4201331,-1630.237427,900.1622365
5.037877978,79.84623676,9.291846049,3.194354603,-696.1102238,144.3655997
2.588437249,32.50863356,13.56753462,32.09107529,-203.7386907,94.9227436
4.305746721,69.07649129,17.30145456,69.13475531,-534.5040039,243.0335157
5.119671904,84.32358352,9.5675554,3.96592664,-740.6510071,173.7375295
9.239617756,257.8874725,21.87228952,238.981654,-1888.415445,1307.330695
9.561661505,291.2958669,20.75774367,299.6033572,-1910.476777,1513.829997
6.77369656,156.5099427,15.85380019,153.7478204,-1223.470875,635.625831
1.555337339,15.82419863,12.33817971,-15.99606314,-54.33433664,-12.27062628
6.590679161,149.1366028,21.1527143,100.8900381,-1286.216438,524.5745181
1.151795086,28.74594461,14.67126581,-21.48540338,-171.9834293,-9.149413111
3.599104393,40.47458857,6.321336932,-45.41857881,-266.2159404,-37.24181155
4.067269765,74.10350306,13.6726247,91.30169002,-546.9647868,285.1551483
7.42996249,187.1436084,23.22142821,136.7548392,-1565.883431,712.8481612
1.103256654,27.72662929,5.391275334,-3.351883162,-158.2414922,4.180644063
1.992615071,19.5738577,7.05991693,0.890562849,-77.14850556,21.13494876
5.362967787,103.558749,19.71667804,62.76663299,-884.8606151,294.6356996
2.216076664,16.25459214,4.957630052,-23.66790839,-37.94645821,-29.97126481
4.050144302,74.50952277,14.84580378,3.749427033,-625.1323407,102.7106597
9.27747564,263.371467,23.45187113,280.1468398,-1730.10456,1413.040011
3.31964325,38.52661049,6.958278034,4.870566543,-284.7976716,75.23444344
3.62422554,63.32805506,16.51476,15.41738403,-518.6096774,90.0385203
5.84330005,104.8762707,9.99751757,23.22126958,-924.7799117,271.6370291
7.331034654,165.6464863,15.5165183,99.69554673,-1451.069758,622.4271813
8.838445397,238.0587917,19.46614902,174.0831725,-1966.178276,1072.752954
4.288690035,58.17439417,9.816270978,7.038135353,-478.1578041,109.7479162
7.327157362,169.212076,22.52934212,113.574843,-1444.450015,659.7860026
7.739597787,206.7799032,18.74582448,137.5000349,-1762.109674,788.1603494
2.031852804,29.34477014,5.589889373,-30.87556552,-176.3285684,-26.16316563
1.030418277,28.65219309,10.8621362,17.36504856,-172.1933256,51.46056002
5.537122526,103.2454195,18.98963367,80.61632291,-853.867245,353.9507772
5.925821967,111.4357128,16.83322264,120.1911438,-866.6363324,461.530673
7.326443943,174.0247073,20.09283851,191.0497441,-1272.89042,820.4255058
4.659012831,93.96374848,17.27295675,38.87174287,-823.7731272,203.8571893
4.350713717,65.4118555,12.19870272,33.41621207,-526.6903171,164.7476855
7.829191942,195.7849673,15.68809323,132.3699755,-1672.841132,781.4737502
1.530688542,23.8175127,11.1204923,-38.3329848,-104.9104079,-66.12293765
5.961253428,115.3401661,12.20700603,47.16289595,-1012.280543,345.3881795
2.842849575,45.96439378,10.64430658,-24.86646538,-341.2636978,-8.432273784
4.835248461,81.63838537,8.625079349,73.59171511,-657.7071466,270.681152
3.309459005,38.5958399,11.90830265,25.05336775,-270.3257459,110.7669852
9.491542674,274.5622443,23.45742943,228.8301492,-2111.461513,1361.40636
5.590705977,108.8063461,15.19150042,32.72413363,-965.0049574,258.6443763
4.702051546,89.07127085,18.86535875,22.05977215,-768.1088474,175.7940717
1.524861495,10.20028646,11.33322442,-51.19122191,41.05886885,-68.88930668
8.428293853,219.3487148,21.78872611,164.143246,-1805.031316,955.5528495
0.502970377,6.614208314,6.008722084,-30.41812123,59.51603877,-59.50508795
3.208340288,44.58391465,14.99667592,-25.0139781,-320.3143068,-12.51033734
9.176091004,272.0929507,28.77516024,216.7800044,-2146.734647,1241.880191
6.601219949,141.7681717,18.46446414,114.9485058,-1178.895577,543.4669786
6.68731909,140.1698815,14.17255192,77.96673096,-1239.413564,486.5329915
6.979719944,169.3732573,20.78248449,139.2753854,-1399.214948,638.2038041
9.837663246,302.6793492,22.44353284,259.6845017,-2241.296992,1510.638869
4.447163673,78.78144603,13.75445881,58.56846229,-643.8028325,215.1317192
8.025592061,211.8527704,24.71151157,149.6884849,-1788.789707,856.0438298
6.79363312,159.7132806,21.57104533,118.1569021,-1352.119888,582.8697443
6.356009714,123.8183637,15.23888609,119.5041803,-975.7873514,532.2937026
9.616659473,300.9517188,25.36658912,260.6282417,-2228.836299,1468.096288
0.894870492,23.78773094,10.97080164,-63.19958852,-95.80457744,-122.7581982
4.691299349,75.89320817,15.93661122,83.3064932,-574.6923712,287.7322031
6.364418815,124.2387295,20.2588924,51.18949136,-1111.898819,390.5544518
8.83256163,240.3581821,20.47304462,240.8074677,-1721.953801,1199.784073
9.320850274,267.3987051,26.44505346,267.3349985,-1841.052013,1380.47124
2.822591056,24.57055616,10.182576,4.096342114,-140.9206363,38.10363034
1.372227173,13.82087453,9.004456,1.576913485,-32.12967745,33.46490124
8.040072292,202.2650036,24.04129212,140.4064024,-1725.204341,836.6366034
0.995733419,8.224482815,6.096060503,-45.88094963,47.84186732,-83.72784901
3.731535411,66.46746879,17.47879663,24.83548052,-549.3891289,124.3096816
4.89044108,74.2015612,8.0095383,52.88129364,-610.4034174,233.1338002
9.041165916,267.8380336,21.47714755,223.7487983,-2064.822537,1225.061583
2.06001625,15.70212532,7.879511018,0.292641905,-54.80158636,15.78941086
0.76261982,15.30367957,11.65816882,19.53461336,-40.77409961,43.67190108
7.937477985,209.1953229,20.80123434,186.3274583,-1629.99304,921.5321543
8.163225163,213.2138102,22.14649851,208.532261,-1580.273442,989.2824185
7.233879157,185.3600155,24.96534291,173.2662271,-1449.413128,759.7077234
7.170934393,159.3161861,14.87733316,154.7926046,-1242.141085,723.1363999
7.996243326,196.1031745,23.6754552,214.0675955,-1400.525783,964.3611679
8.366530676,229.5602216,25.67648146,253.1912407,-1540.263991,1143.070147
5.25400344,82.94470964,16.55273845,70.25547932,-674.4490066,309.3134313
4.0747774,78.79103999,14.97285328,78.1168026,-615.2090117,237.8412429
9.274401771,275.5051565,28.9198305,282.2596585,-1841.661953,1405.665359
6.522586728,136.000428,14.33707172,154.233671,-1009.470052,606.4367455
4.535505656,84.24845635,13.49799374,3.944959203,-736.4524967,126.6187441
9.903857594,319.3057238,30.29258076,342.6188873,-1917.071695,1691.737911
2.677645817,28.55283033,5.248576517,-29.37580882,-160.6304077,-35.67937019
9.652845051,300.7631404,26.52954424,271.4684144,-2163.462994,1498.280475
2.125873983,24.46977289,3.967657633,-52.88577482,-102.9737098,-67.68402141
1.337301523,7.010215731,4.159878069,-14.04806506,36.69879082,-2.24529059
3.475355277,54.20381431,6.967028248,36.81667512,-420.3338706,135.631842
9.160340702,271.7704987,28.31950433,245.3941369,-2011.092843,1299.729037
6.697383666,150.9498072,14.63945444,171.6512098,-1104.52054,663.3858383
9.175425224,276.7575769,29.16203341,284.0521168,-1843.541156,1392.377618
5.98850639,130.8213546,12.50659727,98.30879916,-1099.293784,448.2794453
8.816730626,251.813382,24.12040729,265.7580573,-1708.732959,1242.42579
7.677084614,199.0787688,19.5656445,141.3910432,-1683.601642,784.1779125
9.90536533,323.991612,28.38896109,278.6730108,-2348.196935,1583.159948
0.81876085,19.0377849,12.85380328,-61.51391998,-49.30468495,-90.95279909
9.338360619,277.3978444,26.82639097,311.4138615,-1695.992615,1490.205616
8.597780683,234.1131816,22.58453377,206.4154282,-1802.133808,1086.801988
3.541768127,48.47559741,10.42848227,54.91853531,-347.6527686,177.7249341
6.816088619,156.4654041,22.21239129,167.285818,-1168.587244,687.1267126
1.98939703,23.30900382,11.54859539,7.272508916,-120.7887403,29.63676899
7.486595197,191.9027648,22.80973253,219.7182949,-1334.138106,900.5948262
4.309597951,60.75464387,9.022452319,-23.04388822,-489.9138992,68.10131884
5.100124187,100.7753233,15.63433491,75.24189366,-847.5626857,318.8546248
7.604079642,185.0644927,22.32345791,209.4062944,-1306.179742,900.4727045
0.72709946,20.92275153,10.06129522,20.05212828,-89.69502712,61.49252066
2.278953331,29.79035403,10.15986127,-19.51909928,-192.1995733,1.32177426
8.042685674,214.5193363,22.67758286,153.6015894,-1808.56876,855.4270105
7.166349431,175.6298143,17.10907705,174.7381668,-1343.3509,762.1896574
8.862617008,263.3503097,28.77542916,204.2478777,-2105.446377,1134.516007
1.648297401,14.93064342,11.11430091,18.60802295,-28.05350737,56.3272216
1.9841091,22.73972043,11.93234317,-3.212657045,-117.6695013,4.379143205
9.354686935,284.5941383,25.8751658,268.612207,-2011.696691,1394.61312
8.544406505,222.3778365,26.08695408,188.656872,-1749.847573,1032.805845
4.818543778,74.28813065,13.48632424,63.13872459,-594.985765,247.6456317
6.171647002,138.7389845,14.99169589,92.02513072,-1189.253283,446.9440912
3.582913558,50.89769077,15.67642099,-9.268132366,-390.2680054,55.66037034
4.160076513,58.87554997,8.107912058,28.35304777,-464.9363347,146.2039471
1.973334036,26.80848949,8.858382459,-30.31634692,-144.357395,-48.74848103
0.020660941,6.612879335,7.037344442,3.406474356,48.62058969,30.59551893
2.41243391,18.07509222,6.389240649,24.06827094,-70.65713307,73.04231157
5.173177016,94.40249677,18.79422357,97.20865299,-743.0493231,357.3887033
5.868888281,132.1992581,19.40266224,148.7804067,-987.8366034,531.3135225
2.172254987,31.6871201,8.139669005,-32.96112266,-203.314326,-25.24336637
4.227469173,74.84036841,9.830350008,57.7057701,-595.7080436,211.2158208
0.832558769,14.52811972,6.688289412,1.666704993,-30.98991469,16.15446566
1.620863168,28.85000565,10.74095464,27.07887351,-172.20249,89.94743705
9.348188691,284.8849798,25.67388132,222.4586617,-2238.999214,1294.907429
4.973440409,86.46135795,9.732467339,43.37345009,-735.9317847,246.8963653
5.077921021,79.80293219,13.15752586,96.12817607,-597.0023224,358.582196
2.923176908,43.33580215,9.594038742,15.0239173,-320.316657,68.60555907
9.523140049,290.6561935,28.44617385,281.841832,-2009.588042,1467.038014
8.399512404,226.0318468,18.11722854,243.0891487,-1560.413951,1121.155257
9.035632225,252.4205265,25.24162986,284.058938,-1607.474512,1331.849658
9.270266793,282.6595995,28.46165694,295.8107156,-1844.801596,1420.103481
7.922224608,204.8622308,21.21620704,163.0103363,-1669.62429,847.797475
5.397467709,113.6779717,12.54701399,56.90205055,-1000.753398,290.3749543
6.097237574,118.4410028,17.09052174,117.2439985,-938.4674699,487.453321
2.741191085,49.80238105,8.398465224,18.05274487,-388.6425933,78.22517371
1.043880939,10.56855864,5.055530155,-45.04697772,22.47595159,-79.15133611
2.518836874,44.50109278,10.04491871,36.34930563,-321.1992727,94.47455357
6.139269138,137.0975312,16.59365011,74.0704713,-1215.37839,395.5391963
9.39487868,293.3911199,21.81183206,268.4622036,-2093.934309,1398.906911
4.204538326,53.16971045,11.25597263,33.25913594,-406.4297103,149.1348765
4.475555011,72.52513956,11.58367407,5.891305079,-620.7123995,127.0263563
7.155266897,175.3995814,21.86182113,111.9383446,-1527.988306,632.2046367
9.279502502,271.5259432,25.92146918,242.6674472,-2022.045843,1335.133023
6.221858552,143.4129021,17.27282554,141.1357216,-1130.35879,554.3449382
8.3061616,227.6929205,25.27856288,194.1082278,-1790.117371,991.1428062
3.240360889,33.1047422,10.90894735,31.23925493,-205.410929,118.1024182
5.602260878,106.3475657,12.74652367,115.5482288,-818.8560305,441.9863848
1.643774759,16.33412084,9.080407465,-57.41755385,-20.18928812,-98.01588543
6.067178817,122.1164786,13.44901833,129.3729426,-942.8034426,522.0994894
5.583257869,94.20150488,11.73174165,94.81654707,-745.9981407,386.5538362
5.177969969,94.42945478,9.664306315,50.04601657,-806.6167136,263.258036
5.574453423,122.2916763,11.5725383,116.5294139,-986.8716156,420.1963389
8.621792833,248.3683871,19.97949317,271.6768569,-1627.206344,1220.036442
9.485664421,270.6043951,20.36577981,225.8191296,-2079.535505,1333.327634
7.601224806,191.9432101,22.04453148,173.6262542,-1500.258554,812.2454154
4.04085542,60.59330395,9.016105317,63.97311557,-451.0333721,204.3844649
4.800025964,79.05052673,9.586746452,51.9703309,-655.914596,225.0482522
7.140898029,180.4610286,16.00760642,199.8292682,-1288.156406,808.0394933
5.237386443,92.84184364,9.834806531,26.70345716,-816.2197904,235.7300405
0.825843929,26.8722037,10.99557791,-39.64675707,-138.0092553,-57.30569051
7.820559064,207.1789594,18.53760512,187.2585425,-1616.552707,883.0460835
2.567582081,44.96950504,6.572746449,3.722781352,-345.2819272,53.01065664
0.618635735,7.673111297,2.485950997,-6.323428141,37.24434944,15.96292263
5.671629208,98.31789132,14.66116734,86.59395753,-789.1304205,380.0682448
8.352311232,239.239615,26.51444155,246.2141464,-1671.480011,1115.612782
0.928817075,3.085530009,7.134280678,-12.30617145,82.36167829,-22.99050773
9.928860853,320.7249492,24.51758039,343.0003779,-1915.771944,1698.496621
7.610135347,182.0962959,18.20409387,177.9133797,-1394.369848,837.152469
4.949686133,80.45768423,17.38811401,90.67573836,-621.8932094,312.6428136
4.69664358,83.929284,13.72009316,61.72764049,-686.0453025,257.3266611
8.552176724,224.9526185,22.4322916,189.1667938,-1776.014628,1037.753368
7.855447937,201.6970566,24.63929137,212.7339753,-1451.310731,944.000934
2.604714329,41.71993257,8.920716378,52.33048919,-287.5266122,126.675083
9.143656188,279.6816364,25.4896504,296.0143344,-1810.422702,1404.756492
0.147240455,10.88314014,7.796899104,18.4793616,-1.278279792,55.10624895
9.792288314,310.7549572,21.92870839,285.0644465,-2176.691232,1563.335873
8.29574967,212.487585,23.81420462,148.6239206,-1801.353029,898.9849568
6.604594942,141.901072,19.03213837,115.002576,-1173.807401,536.8960283
3.327022697,43.78149874,11.60547928,-7.823808319,-328.1974631,37.79933588
2.278042144,31.12812331,13.87932808,6.545367485,-195.5297388,51.24276257
5.632574204,112.832159,17.64068225,54.56377073,-994.5812468,313.3981525
4.858479308,83.86367131,12.16807539,82.75677178,-659.1671358,299.1390969
7.628693696,201.4994062,21.28174728,164.5341684,-1625.474563,804.0748912
7.51605088,181.868869,22.10402159,178.6548405,-1391.628177,801.7665679
8.493117863,216.8151674,25.55701898,247.0230863,-1443.471896,1134.602835
3.81483143,60.65729871,9.00401788,-12.89132674,-495.4805866,41.08330394
7.278325335,162.2697609,21.55357157,113.9839859,-1383.179984,653.0412519
1.565902553,23.3363858,11.76844582,-3.434986743,-122.4374934,1.269933913
2.65261485,23.0737661,9.453196504,-44.1252651,-94.48707309,-60.72921099
4.870683108,86.22133253,11.92293439,74.30179666,-694.195415,298.9604598
7.261550811,186.2430543,23.49823919,161.9568632,-1487.209767,749.1200772
3.830442461,45.97246219,13.19986042,32.25343801,-338.5772115,132.2578124
5.771223299,123.7367517,19.79096301,115.0403845,-993.811934,458.8113746
3.732875826,60.13637016,13.53727575,26.28853418,-494.3730551,127.5070279
1.179121842,5.714298169,4.308496067,-51.38005402,75.19162648,-77.19000206
4.825794241,77.20982312,14.03711755,83.57762798,-592.733672,298.9335445
6.014345112,134.3263583,18.24757207,145.7408496,-1022.455315,539.3639005
0.910277733,6.900291353,4.227236768,-18.85593197,40.69004671,-20.70687347
5.861839345,120.5361843,11.85225865,121.2251198,-952.9650418,475.6208372
4.380324523,76.52798049,9.235561567,-3.510928973,-654.0669497,112.4160513
4.531282085,66.02405483,13.14522426,28.04166662,-536.6619139,163.8267312
3.701097453,55.80919362,6.864850399,3.068740949,-450.2284138,80.61512076
2.062943858,23.52351202,10.97250259,11.56641789,-119.8289459,35.00827488
8.658387163,248.998925,19.17328351,240.8012163,-1798.863036,1181.253256
7.462861075,187.8143192,21.43952557,122.9965107,-1612.755286,682.4960151
8.685633255,234.3316696,26.33478174,216.0894609,-1770.708778,1114.772819
2.845277815,33.51204259,8.505921258,-6.514252752,-231.9959049,14.97496202
6.271635301,130.6309283,15.51218526,62.9049941,-1156.315534,402.5963175
4.093657672,64.36042933,9.842220022,-0.078669548,-526.8352987,94.28714217
0.811502195,11.68644431,10.50342721,-68.72085648,40.96235299,-106.1165808
4.038863119,70.90676319,16.05902421,54.54542467,-578.4816295,198.3677409
2.060491601,35.31845956,8.860386492,11.29109997,-242.2028743,56.83234287
6.699545115,139.1976571,15.99939684,75.14945491,-1218.352682,471.5449911
8.25234457,225.8476776,23.18156733,161.6125194,-1892.593123,919.5977374
0.893033002,15.19633303,4.410428294,-67.92085222,7.866410909,-112.5069127
7.547678729,183.1408097,17.41651121,176.0162395,-1412.804614,811.004672
2.710806417,40.51255748,6.710928643,22.98050598,-288.6222526,73.16780269
4.651595547,87.49600244,17.25472782,35.78763244,-742.5143723,198.0729646
0.194305635,26.21425,10.61341404,-57.29472252,-126.091852,-83.74944517
7.601654618,190.5068061,21.79518687,174.028036,-1486.753198,817.8241876
0.111765327,0.122226679,1.581609525,-50.98140029,132.0241729,-92.77752709
5.588887693,94.12320773,9.667368603,22.12807255,-820.910463,251.2705554
6.56243597,138.7003806,20.77793042,75.15324704,-1228.043422,472.1928686
8.903082948,260.9517498,22.55684011,214.3899635,-2031.595157,1185.543416
3.721223928,52.35814734,12.16423467,10.76963177,-419.2280156,102.412286
9.547059899,302.2405462,25.87831358,252.0549564,-2274.473964,1418.611312
7.543145778,186.8405076,20.9908032,128.4671907,-1589.039176,719.295458
3.62359466,67.8422478,15.12153429,-3.324357482,-568.1470904,69.94455225
8.552490036,247.9611067,22.01338927,238.2907021,-1799.820116,1134.111262
7.145415317,167.3771259,21.81787752,166.0091992,-1287.653093,732.1814531
7.129459765,166.5609615,22.22042336,132.5285386,-1378.227984,671.7427151
6.984273911,162.3082116,15.57833869,166.2227055,-1236.869552,703.9187774
8.518374505,240.8635105,18.28816367,171.5912469,-1995.993423,1014.140526
1.086888632,19.35784919,11.35935874,-38.90641363,-77.84023491,-45.65975786
8.742671958,229.3471436,26.11913511,218.199639,-1704.978968,1144.958963
0.203219845,5.90225846,4.105827686,-13.53342239,53.27125103,-9.941644205
3.176578345,32.42421222,11.20210774,6.239482877,-217.4516813,59.63733095
7.351231495,171.8788454,20.78002648,179.8903589,-1282.753541,784.175592
3.652845157,61.67539188,11.07587306,3.604757014,-515.3534482,82.72955568
5.933562297,133.3139518,16.9009692,119.2385717,-1075.397662,461.2462369
5.86617461,106.4988786,12.10733313,104.4789777,-843.0866931,451.4022793
8.555610981,230.1656927,17.63449155,233.0388576,-1642.621735,1139.35118
9.263852493,268.2858281,27.24782549,295.1058447,-1693.315901,1433.701872
2.495480727,23.77907964,10.04473196,-29.53687703,-124.410192,-39.23614785
9.052996753,251.737119,24.01653118,238.7948719,-1841.324311,1254.711334
3.786861704,52.09933742,8.13493098,59.90614233,-369.7372618,198.7482416
2.613836642,21.5035829,7.29454028,-55.06271253,-74.53219915,-72.82321523
9.862257438,305.5321494,30.03322475,306.7218162,-2007.279416,1606.571709
8.965346673,267.6850742,21.97442112,258.0860826,-1908.198627,1284.042684
